date,sub,FLOW,FLOW_lag1,FLOW_lag2,FLOW_lag3,TN,TN_lag1,TN_lag2,TN_lag3,TP,TP_lag1,TP_lag2,TP_lag3,PCP,PCP_lag1,PCP_lag2,PCP_lag3,wt,chl,Green,Red,Blue_Green,Red_NIR
2019-01-08,29,0.696,0.731,0.786,0.872,0.04173983610046828,0.044016314536150375,0.046384648006785406,0.04924290689772341,0.00035088069391230313,0.0003530805086892638,0.00035340684195646024,0.0003397893306150187,0.0,0.0,0.0,0.0,4.5,7.0,0.0655237775647171,0.0656861617130073,0.852940547440413,0.938016584048556
2019-01-14,29,0.636,0.639,0.644,0.651,0.034758618681574656,0.036768967715759576,0.04079681389463998,0.03964698185128292,0.0003730637083624505,0.0003731235147510578,0.0003720238095238095,0.0003698014450702622,0.0,0.0,0.0,0.0,6.0,10.2,0.0862732652133801,0.0872019542378279,0.8023628325787645,0.923583760581977
2019-01-23,29,0.617,0.618,0.62,0.621,0.029263461192148385,0.030152523073235047,0.02744175627240143,0.028329456670841534,0.00038267603097424816,0.00038205681409564905,0.0003752240143369175,0.0003802111290033995,0.0,0.0,0.0,0.0,5.3,10.4,0.0623659939567429,0.0630989404862877,0.7802492375041414,0.9268516576797904
2019-01-28,29,0.61,0.611,0.613,0.614,0.02504553734061931,0.023110262471964595,0.023601292973234246,0.02525937990107371,0.0003851700060716454,0.00036180820755288837,0.000362515860068878,0.000380775726866932,0.0,0.0,0.0,0.0,5.8,6.7,0.0836486243683323,0.0840554884896125,0.918565325495867,0.911388199689569
2019-02-07,29,5.33,6.64,7.87,8.88,0.5884754360364116,3.5558902275769744,1.2794719751517718,2.437333166499833,0.008251685080953372,0.03677906068719322,0.20148006965033646,0.6412662662662661,0.0,0.0,0.0,0.0,7.6,9.9,0.0812690553435114,0.0878505295801526,0.7097225141817856,0.889525034796617
2019-02-18,29,0.705,0.746,0.803,0.883,0.057624113475177305,0.06811016780855922,0.07278838614455051,0.0866417096598297,0.0005598240084055687,0.0018307516631913413,0.00033871823255384896,0.0003617717377626777,0.0,0.0,0.0,0.0,6.4,10.0,0.0928834565727699,0.0989153491784037,0.6286511390914805,0.9185488520008844
2019-03-12,29,0.656,0.632,0.64,0.659,8.486478093947605,2.362429676511955,0.060221354166666664,0.06515905131231382,0.01697295618789521,0.034429207688701356,0.00039605034722222217,0.0003916568313381667,0.5,0.0,0.0,0.0,10.0,35.4,0.0821875872600349,0.0885005671902268,0.857776498304205,0.864473676794037
2019-03-27,29,5.77,7.67,9.84,11.9,0.7762853841709993,0.8450432179245738,0.9386291779584462,1.0212418300653594,0.0011634251235637717,0.002338958906755517,0.004846055404998494,0.010212418300653593,0.0,0.0,0.0,0.0,13.8,26.0,0.0829775828186411,0.0889896125772038,0.788846171552407,0.898278696825517
2019-04-02,29,2.03,2.37,2.69,3.0,0.5986590038314177,0.6983513048913892,1.264973151590252,4.050925925925926,0.001265736179529283,0.0039654633536490074,0.028354330166597823,0.1481481481481481,0.0,0.0,0.0,2.5,10.8,29.9,0.0691139433551198,0.0709396151053013,0.826459868736499,0.830974667150867
2019-04-08,29,0.864,0.957,1.08,1.22,0.20897633744855965,0.24309183791942415,0.27327674897119336,0.32824833029751066,0.0003777649176954732,0.00037008011145942183,0.0003568672839506173,0.0003462735276259866,0.0,0.0,0.0,0.0,15.1,35.2,0.0911048708590679,0.096469792251544,0.891327543910114,0.831515910504748
2019-05-21,29,4.01,3.46,2.31,1.45,1.148748499122564,3.679618925283665,4.434223184223184,4.1028097062579825,0.013536759951971924,0.05385624063369728,0.09018759018759018,0.21312260536398467,0.0,9.0,2.5,17.5,19.8,30.4,0.0862619147582696,0.0911957856234096,0.68290929709994,0.787001675890021
2019-06-12,29,39.8,48.5,55.2,55.6,0.27684719895775173,0.2815960290187094,2.5999731615673642,1.286470823341327,0.0053508282151498235,0.017921916762122944,0.10190217391304346,0.11220190514255263,0.0,0.0,7.0,10.0,23.0,115.0,0.089673139312977,0.0920749809160305,0.65210692376734,0.7109086202217081
2019-06-24,29,4.49,5.03,5.47,6.03,0.8068341169677472,0.8904903909874088,0.8463673911571535,0.7984767520422578,0.002062195826115648,0.0019443524040939546,0.0019445290811835603,0.002591210613598673,0.0,0.0,0.0,0.0,26.6,324.3,0.0947949968193384,0.0905248695928753,0.626678654253592,0.473284455133606
2019-08-13,29,27.7,31.6,29.5,35.3,0.7228573338681641,2.329465541490858,0.31936597614563716,0.30590966320428076,0.019304051343762535,0.09962494139709328,0.0036762397991211546,0.010623229461756372,0.0,11.0,1.5,0.0,29.5,87.3,0.0908188938798427,0.0866088714205502,0.817466591697507,0.932954364438554
2019-08-26,29,10.0,12.4,15.4,18.9,0.6180555555555556,0.5329674432497012,0.4607082732082731,0.509504213207917,0.00125,0.0024828255675029866,0.0053962241462241455,0.023760533019792276,0.0,0.0,0.0,0.0,27.3,103.9,0.0729748736664794,0.0703156232453677,0.833306999625383,0.818608779890613
2019-09-09,29,30.2,34.4,40.6,43.6,2.9318432671081673,1.2818959948320414,2.0610974274767377,0.41942745497791367,0.04905567819475104,0.0034991386735572787,0.018672459405218025,0.03424439347604485,8.0,1.0,2.0,1.0,25.5,19.2,0.0665984701017811,0.0618090966921119,0.564162321573943,0.616191493401388
2019-09-18,29,8.85,10.7,13.0,15.9,0.7114459091860222,0.6252163378331602,0.5341880341880342,0.45349988353133,0.001018780079514543,0.0014170128071997231,0.0020655270655270653,0.0025768693221523407,0.0,0.0,0.0,0.0,26.1,147.8,0.071870300572519,0.0753760432569974,0.663843151378122,0.6766197509836955
2019-09-30,29,23.3,31.4,42.8,57.9,0.3685821014147194,0.31810273649445625,0.30557718933887157,0.3038444316509947,0.0005017087903353998,0.0005086694975230007,0.0009059146763586016,0.001495234439966737,0.0,0.0,0.0,0.0,23.6,19.1,0.0849689640651319,0.082538840539023,0.827219252127355,0.814442496250186
2019-10-10,29,42.8,56.3,72.5,90.8,0.3488447559709242,0.3597625156239721,0.41347381864623245,2.8552781856746616,0.001030308930425753,0.0016692980724952306,0.0066570881226053645,0.05889011257953989,0.0,0.0,0.0,8.0,18.2,4.6,0.0743056075063613,0.0739244561068702,0.634800085159673,0.756026054434993
2019-10-15,29,11.6,14.4,18.5,24.3,0.5527618135376756,0.4951131687242798,0.4379379379379379,0.3862787684804146,0.0007433349297573435,0.0006566679526748971,0.0005686936936936936,0.0004739178478890413,0.0,0.0,0.0,0.0,17.8,7.8,0.0743056075063613,0.0739244561068702,0.634800085159673,0.756026054434993
2019-10-28,29,3.23,3.72,4.19,4.34,0.7954936360509116,0.8151632815611309,1.0413904357818438,0.9947303294077487,0.0007381607613805755,0.0007716049382716049,0.0014557367630159991,0.0012187446663253115,0.0,0.0,0.0,0.0,16.1,23.2,0.0730012352610892,0.0738495367770915,0.814491382901684,0.865201490067855
2019-11-06,29,2.19,2.23,2.29,2.36,0.8403094875697615,0.8304268393954493,0.8086689309396732,0.7895872567482737,0.0007874598342634872,0.0007421939877096827,0.0006924227721170952,0.0006816933458882612,0.0,0.0,0.0,0.0,11.4,99.4,0.0634402279944413,0.0650415126679981,0.8195463961507029,0.769335280426041
2019-11-12,29,14.1,12.4,7.73,2.11,0.48102180194378774,2.958856033452807,2.6052896363375013,0.8666842197647885,0.013051615445232466,0.08568548387096774,0.19614536917253603,0.0008502281902755837,0.0,1.0,15.5,0.0,12.6,82.9,0.0604666270985246,0.0619046633881634,0.830212702129743,0.81028817583055
2019-11-18,29,153.0,139.0,18.0,17.5,2.874606632776567,1.781907807087663,1.2602880658436213,2.943121693121693,0.19290123456790123,1.2739808153477217,0.014467592592592593,0.10515873015873016,9.5,78.5,0.5,0.0,11.1,51.6,0.0567484354599406,0.051923943175074,0.5961201444835604,2.042087164153275
2019-11-27,29,18.1,23.7,31.5,42.4,0.4840648659709433,0.4238943584935146,0.4004997060552616,2.336652690426275,0.004520922856558215,0.0052254258477887165,0.0066137566137566125,0.025604909154437454,0.0,0.0,0.0,2.0,11.3,3.7,0.0767899775407074,0.0742147810218978,0.860725522784914,1.12759658344113
2019-12-03,29,10.2,10.8,11.0,9.44,1.8495824255628177,0.940929355281207,2.72516835016835,0.6829194130571249,0.007761437908496732,0.018325617283950615,0.11784511784511784,0.005750255021971124,0.0,0.0,6.5,0.0,7.9,5.2,0.0584468978102189,0.0577756035934868,0.898623428101448,0.887451630821996
2019-12-09,29,5.43,5.98,6.68,7.52,0.9506513880362868,0.8961197819893472,0.8316699933466399,0.7603181639085895,0.00833418593547507,0.008090239068499937,0.007640968063872255,0.0072645784081954295,0.0,0.0,0.0,0.0,5.9,6.6,0.0419181171935987,0.0400409792154566,0.7876349662762225,0.8896561528304969
2019-12-18,29,3.35,3.09,2.78,3.12,0.9673852957435045,5.318830157017859,0.861810551558753,0.8643459164292496,0.008464621337755666,0.0479443845139638,0.0008368305355715428,0.0008866037511870843,0.0,1.0,0.0,0.0,8.5,20.3,0.0730780438931297,0.0734507283715012,0.827031503829598,0.920089476032953
2020-01-20,29,11.7,13.1,15.1,17.9,4.461459322570434,4.497102063895956,4.445670836399313,4.028295054831368,0.017608420386198163,0.015373197625106019,0.015406548933039,0.014031140078626112,0.0,0.0,0.0,0.0,5.4,4.2,0.0653072152653547,0.0671439475253428,0.805066738077262,1.1341842172066
2020-02-03,29,7.66,8.34,9.05,9.51,6.421646842665119,7.091548983035794,6.790976058931859,6.2069166958756865,0.008159268929503916,0.009478528288480326,0.015986290157560874,0.014726214121587413,0.0,0.0,0.0,0.0,7.2,5.9,0.0877872262773722,0.0874386861313868,0.913372048372139,0.907863087050251
2020-02-18,29,16.0,15.9,14.1,10.0,4.832175925925926,3.872583275098998,5.442277383766745,6.701388888888889,0.015986689814814815,0.025404728627999064,0.128053585500394,0.010520833333333333,0.0,0.0,5.0,0.5,5.6,6.9,0.0187578467153284,0.0302836608646827,0.341205462501929,0.63832285488054
2020-03-12,29,13.0,13.6,13.3,11.0,5.039173789173789,4.97004357298475,5.073447507658034,6.0711279461279455,0.017628205128205128,0.029275599128540306,0.12705374547479809,0.012100168350168349,0.0,0.0,3.5,0.0,9.2,9.9,0.0575607840330787,0.0603614106234096,0.8369048423216194,1.007642887782255
2020-03-17,29,8.13,8.81,9.64,10.7,8.114664479978131,7.278135115819564,6.483402489626555,5.960107303565247,0.014663341077855222,0.014713919367721862,0.013206930997387428,0.01417012807199723,0.0,0.0,0.0,0.0,9.7,10.5,0.0743812464907355,0.0793561622683885,0.767844566484239,0.933730607040515
2020-03-26,29,5.2,5.18,5.23,5.3,7.879273504273503,9.808916058916058,9.892181856809007,10.59136967155835,0.008368945868945868,0.007328757328757328,0.008520111890092769,0.006616876310272536,0.0,0.0,0.0,0.0,15.5,28.6,0.092824611755455,0.0924439158639669,0.90889547873154,0.906956506754056
2020-04-02,29,7.82,8.94,10.3,11.7,8.243937671687032,6.53792774877786,5.022923408845738,4.609844887622665,0.007104290991759022,0.004751325710497969,0.005157766990291262,0.00800292814181703,0.0,0.0,0.0,0.0,13.7,21.8,0.0938443225190839,0.0998585655216284,0.671880434599776,0.81220888508583
2020-04-09,29,5.12,5.21,5.36,5.52,9.516963252314813,8.397312859884837,9.436325317855168,9.875704508856682,0.0069625289351851844,0.008952690694533305,0.008507808181315643,0.009959574610842728,0.0,0.0,0.0,0.0,15.0,24.4,0.101474733295901,0.0960795760808534,1.02703492125028,0.825527171288484
2020-04-13,29,4.9,4.94,4.96,5.04,10.085978835978834,11.105488079172288,9.357265531660692,10.724390064667842,0.011621315192743762,0.02176581946318788,0.011667413381123058,0.009805812757201644,0.0,1.5,0.0,0.0,14.0,30.0,0.101474733295901,0.0960795760808534,1.02703492125028,0.825527171288484
2020-04-22,29,11.2,11.8,11.9,11.1,5.921378968253968,5.227950408035153,5.047852474323062,5.974724724724724,0.013124173280423281,0.01834196484620213,0.03841814503579209,0.1908158158158158,0.0,0.0,0.0,10.0,12.8,62.9,0.0893402003816793,0.0954352290076335,0.651848829932006,0.709474193392886
2020-04-28,29,5.7,6.05,6.68,7.66,8.04093567251462,7.3461891643709825,7.779579729430028,8.476573832317957,0.005157569850552306,0.005203550658096113,0.007207806609004213,0.00640653708538826,0.0,0.0,0.0,0.0,16.2,77.2,0.0927532442748091,0.0978098854961831,0.6629666128699305,0.70467134019515
2020-05-20,29,47.1,47.4,39.8,22.4,1.592356687898089,4.028949835911861,3.14070351758794,2.4853257275132274,0.02850515058582999,0.088881075167995,0.33151870463428257,0.011884093915343915,0.0,3.0,15.0,0.0,19.2,23.6,0.0931875763358778,0.089886701653944,0.585629005525756,0.585978238470474
2020-05-26,29,18.0,20.8,24.4,29.1,3.7165637860082303,3.021501068376068,4.084130236794172,2.633002418225786,0.008680555555555556,0.012742610398860398,0.039465695203400125,0.005369415807560137,0.0,0.0,7.0,0.0,22.0,40.9,0.0931875763358778,0.089886701653944,0.585629005525756,0.585978238470474
2020-06-01,29,9.22,10.1,11.1,12.3,6.351932192496183,3.816006600660066,3.805889222555889,5.015432098765432,0.012678757933638627,0.006371470480381371,0.005088421755088422,0.005467103282143932,0.5,0.0,0.0,0.0,24.8,105.6,0.0903962738549618,0.0880045785623409,0.672340136885762,0.556004493188968
2020-06-10,29,47.6,6.87,6.92,6.96,1.9622432306255835,5.273195320502452,6.405882038107471,5.288154533844189,0.47171646436352316,0.0054248207450536415,0.006355705416399057,0.007516496381438909,64.5,0.0,0.0,0.0,27.6,133.8,0.0933921819338422,0.0913735209923664,0.56297431947553,0.449690354079743
2020-06-16,29,27.7,33.7,40.1,45.7,2.239604225163792,1.8992471700186833,1.850120070194883,3.317732393224734,0.005933279850247358,0.009650785800637432,0.030306178996952062,0.08965475322149281,0.0,0.0,1.5,10.5,26.6,204.2,0.0845967028985507,0.0807941304347825,0.534498859269782,0.500976883094246
2020-06-22,29,12.9,14.4,15.4,16.0,4.207938558713752,3.657085905349794,3.9381914381914376,4.767071759259259,0.00515898650588573,0.011574074074074073,0.06688912938912939,0.031177662037037035,0.0,0.0,0.0,1.5,19.7,216.0,0.106800140370578,0.0969898090960134,0.895081373724134,0.708395649537191
2020-07-07,29,25.5,32.1,40.8,51.2,1.7928467683369642,1.5540267682012228,1.5630673565722586,1.2365270543981481,0.002464596949891067,0.002963828314295604,0.003375771604938272,0.006080910011574073,0.0,0.0,0.0,0.0,27.1,333.7,0.0887327162849872,0.0794289344783715,0.538517711794967,0.583715541133874
2020-07-20,29,70.7,83.8,104.0,134.0,2.9958352978154954,3.1075974542561653,0.9326032763532763,0.9587479270315091,0.05975299910943475,0.05427936886767435,0.007656695156695156,0.020902432283029296,22.0,11.5,0.0,0.0,25.5,44.7,0.105645620437956,0.0970827063447501,0.894889180361827,0.826392195545458
2020-08-24,29,24.8,28.6,33.7,41.4,1.8341173835125446,1.5459077959077956,2.383503681723266,1.316760601180891,0.006067054958183989,0.009226884226884226,0.012844818111880424,0.0034945875827518337,0.0,0.0,0.5,0.0,27.5,148.6,0.0901821167883211,0.088878270634475,0.78490097165716,0.916855667088955
2020-09-02,29,137.0,129.0,153.0,167.0,2.5682616923492834,0.8424849267872523,0.722434035342532,1.0950321579064093,0.10898215733982157,0.012112403100775193,0.017398934882595012,0.03603903304502107,34.5,0.0,0.5,47.0,26.1,13.3,0.0856999298147108,0.0837367349803481,0.977513093446997,1.29123670844944
2020-09-23,29,20.2,23.1,26.1,28.5,3.2086541987532087,2.7757736091069423,2.3192493259543063,2.0630279402209224,0.0042973047304730476,0.004910213243546577,0.005631829147154817,0.01023391812865497,0.0,0.0,0.0,0.0,21.4,13.7,0.0882179393599101,0.0875476838854576,0.778310024586076,1.05062621517755
2020-10-06,29,15.2,15.9,15.5,13.7,3.997624269005848,3.7561146051712084,3.755973715651135,4.638077858880778,0.006472344054580897,0.007497670626601443,0.015382317801672641,0.059053122465531224,0.0,0.0,0.5,6.0,18.6,21.7,0.0868990314430095,0.0879205362156091,0.816565753477993,0.995362024432877
2020-10-12,29,9.45,10.0,10.7,11.6,7.177150695669214,4.606481481481482,4.445742471443406,4.440054278416348,0.018494023123652753,0.005543981481481481,0.006609120803046037,0.004450031928480204,0.0,0.0,0.0,0.0,19.3,11.1,0.0868990314430095,0.0879205362156091,0.816565753477993,0.995362024432877
2020-10-19,29,7.1,7.18,7.33,7.51,6.667318727177881,6.0288352419271645,5.826512050932242,5.856389012181289,0.005249087115284298,0.004449086969978334,0.003979081400636653,0.004669699659712975,0.0,0.0,0.0,0.0,16.8,10.5,0.0824861454239191,0.0832253930376193,0.845035689989767,0.885735254654552
2020-10-28,29,5.97,6.24,6.55,6.88,8.33643526273342,7.920079534662867,8.92352275940062,7.166505167958656,0.004362088218872138,0.004210440408357074,0.00439991518235793,0.004323454995693367,0.0,0.0,0.0,0.0,16.2,8.1,0.0818197550890585,0.0875934605597964,0.64819941937523,0.783313026553549
2020-11-18,29,8.22,6.3,5.36,5.41,6.674101108407677,8.763227513227513,9.911380597014924,7.166940507975627,0.04026989276381004,0.05162404467960023,0.0087885226644555,0.010589956869993838,3.0,3.5,0.0,0.0,15.1,17.8,0.0804539567430025,0.0841282506361323,0.628010322535543,0.776230816822126
2020-11-24,29,24.1,28.1,31.7,33.1,2.7566466881819576,2.2612692763938314,3.90670639093352,1.493090522546716,0.005666974027969878,0.007208053248978516,0.04709954433929197,0.007832606019917197,0.0,0.0,3.0,0.0,10.2,8.5,0.0850330291970802,0.0871691886580572,0.825361602855476,0.913342635435164
2020-11-30,29,9.3,10.7,12.4,14.5,6.782656312226204,6.035825545171339,5.217667264038231,3.8952745849297568,0.0042811628833134205,0.005224558670820353,0.005395011947431302,0.005252234993614303,0.0,0.0,0.0,0.0,7.7,4.4,0.0815299904580152,0.0839905057251908,0.850587983795023,0.922881457099372
2020-12-09,29,5.56,5.58,5.68,5.82,9.263422595257127,8.877605203770077,9.760530777256129,9.565514827542318,0.005516420197175593,0.004293608124253285,0.005685152582159624,0.005985904289168893,0.0,0.0,0.0,0.0,6.1,5.3,0.0720122413793748,0.0747770620147856,0.8564611849260465,0.8820916657623146
2020-12-15,29,5.68,5.65,5.55,5.39,9.842038341158059,9.177318911832185,8.008008008008007,8.138356352642067,0.009088093375065207,0.00829646017699115,0.019039873206539874,0.003908128908128908,0.0,0.0,0.5,0.0,3.0,3.8,0.0754145642493638,0.0760287309160305,0.87229894191069,0.955833230189056
2020-12-21,29,5.4,5.4,5.44,5.55,9.795096021947872,9.559327846364882,9.723073257080609,9.75975975975976,0.013095850480109738,0.008337620027434841,0.010574108115468408,0.009446946946946947,0.0,0.0,0.0,0.0,4.2,5.9,0.0883285082697201,0.0929361577608142,0.694715529885932,0.879849189913149
2021-01-25,29,6.01,5.91,5.98,6.11,11.939976582239478,11.887416180986401,11.38052768487551,12.445444626295687,0.006952147655142663,0.010614463871655072,0.018619162640901767,0.09300933503061161,0.0,0.0,0.0,0.5,8.5,18.4,0.0908263469675599,0.0997734661495063,0.672173794551079,0.836818266184296
2021-02-03,29,7.12,7.39,7.45,6.4,8.875624219725344,8.347742194156268,8.389261744966442,10.778356481481481,0.014695172700790677,0.05121410314238461,0.24080288342033307,0.01000072337962963,0.0,0.0,7.0,0.0,4.6,7.7,0.0549531278538812,0.0570684931506849,0.542391651687662,0.912962609180211
2021-02-08,29,5.74,5.81,5.99,6.22,10.565879468318492,12.07209791547141,12.907314660236194,13.769798737644397,0.01536488579171506,0.009542136801172945,0.01155475174673839,0.029586459449803502,0.0,0.0,0.0,0.0,6.5,15.8,0.0945834081976417,0.0869202695115103,1.06768887762417,1.03455439002549
2021-02-16,29,5.61,5.57,5.52,5.51,10.64567241037829,11.740308531152337,9.959574610842727,11.258990387847012,0.012523106885851983,0.016103963029456745,0.0072757313472893185,0.0059865900383141765,1.5,0.0,0.0,0.0,6.7,13.2,0.0775837442922374,0.0806192503805175,0.602180539639245,0.91720915974473
2021-02-23,29,5.09,5.2,5.46,5.52,14.029869751873681,12.041488603988602,9.645061728395062,10.462795222758992,0.014325474787164373,0.012041488603988603,0.01011141636141636,0.009246678743961354,0.0,0.0,0.0,0.0,9.7,21.2,0.0858610892756878,0.0932220101066816,0.853762795478095,0.89379900138873
2021-04-01,29,11.2,13.0,14.7,15.8,4.588293650793651,4.620726495726496,4.015495086923659,3.670007032348804,0.006283068783068784,0.006419159544159544,0.010078105316200556,0.014870487576183778,0.0,0.0,0.0,0.0,16.4,46.8,0.0906357792620864,0.0999055534351145,0.679976807631582,0.808683810541608
2021-06-29,29,26.9,23.7,23.1,24.1,2.9171829822387445,2.9545632130020314,2.169512586179253,3.3665667742431222,0.1385446785075038,0.07716049382716049,0.022847522847522846,0.1267865375749193,2.5,0.0,0.0,11.0,27.9,214.0,0.0898910750636132,0.0852788072519084,0.616238796066801,0.622913198814699
2021-08-02,29,42.8,34.6,13.4,10.1,3.0828141225337484,2.1442143010062082,4.085475400773907,5.454712137880454,0.099515403253721,0.3378559195033183,0.07022180762852404,0.004308764209754308,17.0,18.0,21.0,0.0,27.1,126.3,0.0907055712290795,0.0910568686443321,0.697998448703239,0.7807724029754851
2021-08-18,29,21.0,24.8,12.8,14.4,3.0423280423280423,2.366151433691756,4.114221643518518,3.5284850823045266,0.028053350970017633,0.15540994623655913,0.00684497974537037,0.013422710905349793,1.0,0.0,0.0,0.0,27.0,182.6,0.0934384615384615,0.0867695536215609,0.851379419832421,0.714573799608356
2021-08-23,29,109.0,31.7,30.7,16.1,1.9856439007815154,1.2231277018343263,2.4693871395825795,3.2709339774557162,0.36421168875297316,0.02212583245706274,0.14363916033297142,0.015671727628249366,61.5,0.0,31.5,0.0,24.8,82.7,0.0934384615384615,0.0867695536215609,0.851379419832421,0.714573799608356
2021-09-13,29,38.0,49.0,63.4,81.2,2.092470760233918,1.5613189720332576,1.2632901039841102,1.3241767013318737,0.0024518762183235866,0.0033068783068783067,0.004472631148498656,0.008965631271665754,0.0,0.0,0.0,0.0,25.5,39.9,0.0704795737913485,0.0696485559796437,0.559998982572235,0.713870534368484
2021-09-29,29,34.9,31.2,39.0,49.0,3.449007747002016,3.6948005698005693,1.8192070275403607,1.3747165532879817,0.07362304998408149,0.016359508547008544,0.0025997150997150993,0.0042753212396069535,21.0,2.0,0.0,0.0,22.8,9.0,0.0758900230263158,0.0701799013157894,0.573342495472966,0.645785234515025
2021-10-06,29,20.4,24.0,28.4,32.6,3.7105119825708064,2.8163580246913575,2.1436489306207616,1.9029765962281298,0.015034949164851126,0.0029803240740740736,0.005297991653625456,0.006816632583503748,0.0,0.0,0.0,0.0,23.5,14.9,0.0696262422796181,0.0658989331836046,0.803442126845053,1.0378139605203
2021-10-12,29,18.3,18.6,14.9,15.4,3.8453754300748835,3.6340103544404614,4.567486950037285,3.7578162578162573,0.014799635701275043,0.10516228594185582,0.017788342033308473,0.010146103896103894,0.0,12.5,1.5,0.0,20.3,12.5,0.0696262422796181,0.0658989331836046,0.803442126845053,1.0378139605203
2021-10-18,29,16.0,16.9,17.1,15.7,3.7688078703703702,3.116096866096866,4.372427983539094,4.364236848313281,0.00904224537037037,0.015683212798597412,0.06355588044184535,0.05801781080443501,0.0,0.0,5.5,6.0,14.3,3.8,0.0586907856234096,0.0589399650127226,0.673023825440738,0.795589637213377
2021-10-27,29,10.0,10.4,10.8,11.5,5.68287037037037,6.432514245014245,5.486968449931412,4.066022544283414,0.004097222222222223,0.007734597578347578,0.02004029492455418,0.006199677938808374,0.0,0.0,0.0,0.0,16.4,4.5,0.0541538701710258,0.0524422370712624,0.8073741081490757,0.7623257251203915
2021-11-02,29,7.7,7.83,8.04,8.47,6.463443963443963,5.9718083345158695,5.571102819237148,6.162818662818662,0.0038480038480038477,0.002705051795090109,0.002979892205638474,0.003347872666054484,0.0,0.0,0.0,0.0,16.2,6.0,0.0756991437394722,0.071584222346996,0.960476012638336,0.828820780993672
2021-11-17,29,13.1,15.5,18.6,22.3,4.700310998020921,3.942652329749104,3.3602150537634405,2.4393788407241317,0.0036400904721515404,0.004256272401433692,0.0036277877339705293,0.0039393373193821616,0.0,0.0,0.0,0.0,11.3,6.3,0.0762421484493872,0.0740474928627097,0.801167545446574,0.7491700330598989
2021-11-24,29,8.87,9.02,9.01,7.56,5.81965844085348,5.235279625523528,6.02468450692646,6.491279639427788,0.007059271785878326,0.01757924776217459,0.11471307600608377,0.003138472467176171,0.0,0.0,2.5,0.0,9.7,9.5,0.0661372765585241,0.0670610631361322,0.7343817085611546,0.803961555204063
2021-11-30,29,30.2,6.72,7.02,7.49,2.866691194505764,7.337136243386243,7.089532552495515,6.876452554022647,0.3683008339465293,0.0050636574074074065,0.004451566951566952,0.0045430944963655235,22.0,0.0,0.0,0.0,9.8,19.3,0.0404427007299269,0.0416290567097136,0.633224999042418,0.778729436553856
2021-12-06,29,21.4,25.5,30.0,34.4,4.380841121495327,2.473674655047204,2.002314814814815,3.5327842377260983,0.006976895119418484,0.004507080610021786,0.004783950617283951,0.01944713608957795,0.0,0.0,0.0,0.5,7.3,5.9,0.0488520634475014,0.0503881807973048,0.94275389891066,1.00068304517045
2021-12-15,29,7.27,7.57,8.32,9.3,7.116383921748433,7.415357894221829,6.802550747863247,5.451015531660692,0.012083524377197003,0.003898796418611477,0.004507211538461538,0.005139884508164078,0.0,0.0,0.0,0.0,8.3,10.7,0.0300732259988073,0.0327201550387596,1.13897842350649,0.703415531889916
2021-12-20,29,6.72,6.77,6.87,7.0,8.404982363315696,8.54806061600744,7.4464930724028235,8.134920634920634,0.010368441358024689,0.012907571530171235,0.004346595503800743,0.005109126984126983,0.0,0.0,0.0,0.0,5.8,8.1,0.0468738349241998,0.0507357102751263,0.763924183871057,1.37345141505344
2022-01-04,29,5.74,5.72,5.7,5.67,9.779487675829138,10.542119917119917,11.675601039636126,10.24724018551179,0.004194089559943218,0.006940397565397566,0.004121994801819362,0.004919491802207851,0.0,0.0,0.0,0.0,4.0,7.3,0.0552420082071794,0.056291125449524,0.7723081065979944,0.8790432188515815
2022-01-10,29,5.71,5.73,5.77,5.81,10.276804825841602,9.655161269471915,10.009467873419347,9.402690125581692,0.016155056106894983,0.009352175037166309,0.006659605879709866,0.005338815579779436,0.0,0.0,0.0,0.0,3.4,9.1,0.0330792106373997,0.0372321865766146,0.612189186033232,0.907792712286953
2022-01-18,29,5.71,5.69,5.69,5.74,11.695693066095867,11.696120549371866,11.980895658400051,11.049812879081172,0.012405137186222999,0.009865423419904965,0.010048493132851657,0.011594237966189185,0.0,0.0,0.0,0.0,3.6,7.5,0.0480401880965749,0.0527423778775968,0.772288903510307,0.827117150674647
2022-01-24,29,5.71,5.68,5.74,5.75,11.006518777972367,11.105405581637976,11.352271260807845,11.553945249597422,0.010824090289939676,0.014997391757955138,0.011634565750419407,0.00996376811594203,0.0,0.0,0.0,0.0,6.0,13.7,0.0637697487277353,0.0649985718829516,0.825204161900114,0.906396484901775
2022-02-03,29,5.42,5.36,5.38,5.5,19.368422850895175,18.008913764510776,19.38334710174859,16.477272727272727,0.01584495011616783,0.009781820066334991,0.03829340492909266,0.0845959595959596,0.0,0.0,0.0,0.0,5.6,11.4,0.051098571024335,0.0567209818902093,0.838638361796993,0.900038744781568
2022-02-09,29,5.7,5.6,5.53,5.5,14.822936972059777,16.038359788359788,17.64366083986337,18.11868686868687,0.02294509421702404,0.053530092592592594,0.015362333400308082,0.015256734006734005,0.0,0.0,0.0,0.0,4.7,10.3,0.0640391190853267,0.0694021693442443,0.8101323675290235,0.884460019375868
2022-02-15,29,5.62,5.67,5.61,5.65,14.889778568604191,15.983245149911815,15.51462335776061,15.03605375286791,0.015816528272044283,0.012696779672088312,0.01429738562091503,0.00899295313012127,0.0,0.0,0.0,0.0,6.8,14.4,0.0872978533333333,0.0914760566666666,0.659993367913402,0.884039291580293
2022-02-21,29,5.63,5.62,5.65,5.64,14.883889217814618,12.665579280347963,12.332022287774498,14.52915681639086,0.008901552529438852,0.01017365229998682,0.009484595214683708,0.011122603099553454,0.0,0.0,0.0,0.0,4.4,7.7,0.0691485699003329,0.0727810134184594,0.8495752125797044,0.939553960036303
2022-03-02,29,5.87,5.78,5.71,5.79,13.979588617578395,13.896898628732536,14.574009210611662,13.772948250495745,0.017686447094453907,0.026432141484044595,0.014918596354673411,0.018670440734344016,0.0,0.0,0.0,0.0,8.0,15.9,0.0563898823155216,0.0590250890585241,0.789602009758884,0.890655671126238
2022-03-07,29,5.76,5.81,5.84,5.89,14.70871913580247,13.506406578695735,12.703735413495687,12.536942715210966,0.01022778420781893,0.010916682603429593,0.00975076103500761,0.010984562661133119,0.0,0.0,0.0,0.0,7.7,13.6,0.0914475190839694,0.0977887706743002,0.7886736662958924,0.903197311375727
2022-04-04,29,11.6,13.2,15.2,17.6,6.176165389527458,4.62962962962963,3.94432261208577,3.958859427609427,0.008291427203065135,0.005392466329966331,0.006807383040935673,0.004044349747474747,0.0,0.0,0.0,0.0,14.5,29.9,0.0711594465648854,0.0759427496819337,0.73884014625799,0.8136807614714026
2022-04-11,29,7.59,7.93,8.15,8.53,7.289074318059825,6.7430292840128905,5.921949556918881,4.871151925665408,0.008493753964768458,0.006640862173649058,0.004672233583276527,0.0050339759454648084,0.0,0.0,0.0,0.0,19.5,66.7,0.0853891396310431,0.0919831917938931,0.7068581186655405,0.7146350565042
2022-04-20,29,17.1,20.1,23.8,27.8,3.6549707602339176,3.1670351943983777,2.674680983504513,2.0983213429256593,0.0043318171973142725,0.0034722222222222216,0.0034090024898848423,0.005079269917399413,0.0,0.0,0.0,0.0,18.3,117.3,0.083707606263982,0.0843591722595078,0.813408919725092,0.853729162638025
2022-04-26,29,14.6,9.57,9.99,11.2,3.377092846270928,4.547389604860869,4.715363511659808,4.577959656084657,0.12842465753424656,0.02551859592089477,0.0036610684758832906,0.004174933862433863,16.0,3.5,0.0,0.0,20.6,86.7,0.0855094236260827,0.0895354981235703,0.665468140022182,0.6145179502963805
2022-05-02,29,16.9,18.7,19.8,19.5,2.6914858645627873,2.147702515349574,2.180368499812944,3.341642924976258,0.006451347797501643,0.008355614973262033,0.02653853348297792,0.14304368471035137,0.0,0.0,0.0,10.0,17.5,125.5,0.0849431043256997,0.0868237054707378,0.667941647248117,0.5946300813754365
2022-05-18,29,5.78,5.86,5.9,6.05,5.726963988209662,5.866040955631398,4.747332077840552,4.419191919191919,0.004064942970652312,0.0036736822146378454,0.004551161330822347,0.004916590143862871,0.0,0.0,0.0,0.0,21.1,61.9,0.094541184727681,0.094974915777653,0.799250675587477,0.772342326081577
2022-05-24,29,5.6,5.65,5.58,5.66,5.146329365079366,4.85496558505408,5.57961635470596,6.339157178379793,0.0029968584656084657,0.0036258603736479835,0.0032357626443647947,0.005439405836932338,0.0,0.0,0.0,0.0,24.7,45.1,0.0918739612577203,0.09356677428411,0.83472726037791,1.02811601189303
2022-05-30,29,7.04,7.42,7.68,7.71,4.6690867003367,4.710741739043625,4.460841049382716,4.293365998943171,0.0026962331649831644,0.004071203953279424,0.012915340470679012,0.01801412307248883,0.0,0.0,0.0,0.0,24.6,78.2,0.0955973329590118,0.0992493121841662,0.786710259650657,0.833118140783041
2022-06-21,29,12.6,14.5,16.6,18.9,3.5916372721928274,2.897509578544061,2.6982931726907626,2.278071722516167,0.0018371546149323925,0.0019795657726692207,0.0033536925479696555,0.005162404467960023,0.0,0.0,0.0,0.0,28.2,178.3,0.0845406281806614,0.0793036100508905,0.629741956407412,0.4733467003209255
2022-07-25,29,58.0,63.2,63.3,60.9,1.3589559386973178,3.204846460384435,3.1083611257386927,2.147570394696831,0.012192688378033204,0.03919069385841537,0.0810002340413083,0.03629964118469865,0.0,7.5,23.0,0.0,26.8,13.0,0.0885574256035934,0.0832674620999438,0.826801291426129,0.820760666434005
2022-08-31,29,160.0,141.0,20.4,22.9,3.009259259259259,2.0193065405831363,3.897739651416122,2.0418890506226752,0.08246527777777778,0.2831954294720252,0.03466548656499637,0.003133592107391234,8.0,39.5,6.0,0.0,20.7,18.4,0.0523010591603053,0.0475582538167938,0.716918998400798,0.864328364429405
2022-09-21,29,15.4,17.3,19.6,23.0,4.141113516113515,3.585955898094626,3.100198412698412,2.7073268921095006,0.004952801827801827,0.004522586169985013,0.003590325018896447,0.003165257648953301,0.0,0.0,0.0,0.0,22.4,59.9,0.0720992048346055,0.0693790139949109,0.619802514139525,0.72772551363612
2022-09-27,29,11.0,11.2,11.8,12.4,5.029461279461279,4.43328373015873,4.580586942875078,3.9295848267622455,0.005734427609427609,0.006221064814814815,0.0054143126177024475,0.0056563620071684575,0.0,0.0,0.0,0.0,21.1,42.9,0.068882046603032,0.0690745508141493,0.742744993585942,0.825280588815456
2022-10-12,29,55.2,62.8,68.3,71.0,1.1804716854535693,1.0800011795234725,3.2705655875494823,2.9342723004694835,0.005640264358561459,0.013453939608398207,0.052871319342768834,0.10416666666666666,0.0,0.0,2.0,19.5,15.9,6.2,0.0560697472085509,0.0531503681825029,0.688064404866614,0.8418268826097715
2022-10-17,29,21.2,25.4,31.1,38.3,2.833464360587002,2.838837853601633,2.143622722400857,1.6137220771685523,0.0033575733752620545,0.004830125400991542,0.004391449327140645,0.004230732037520549,0.0,0.0,0.0,0.0,18.9,8.4,0.0630187874351306,0.0629477399283216,0.7343081263683843,0.9274356499961692
2022-10-25,29,10.9,11.3,11.9,12.5,4.565919130139313,4.4555063913470985,4.756069094304388,4.314814814814815,0.00525611620795107,0.00478326778105539,0.005631419234360411,0.005518518518518518,0.0,0.0,0.0,0.0,14.8,6.7,0.0647337310499719,0.0651986243683324,0.775007237386323,0.928626528089031
2022-10-31,29,9.71,9.88,10.2,10.4,5.578441469275661,4.685859949017843,4.402687000726217,4.49608262108262,0.005721478430026318,0.008821131354026089,0.008011074800290487,0.00598735754985755,0.0,0.0,0.0,0.0,16.6,7.8,0.0852967557251908,0.0836795737913485,0.556115809306306,0.697187860250535
2022-11-09,29,8.02,8.03,8.04,8.11,6.321003047935716,6.370785480374521,6.060553712916898,6.279399004429831,0.00952479911332779,0.009412042802453762,0.011027040722314356,0.011745330410558525,0.0,0.0,0.0,0.0,13.9,7.6,0.0711093627175743,0.0688676866928691,0.935135816330516,0.885958967178927
2022-11-15,29,33.1,34.5,32.0,22.5,2.7938625937115362,1.5130166398282339,2.8392650462962963,3.2201646090534974,0.025980474432136063,0.016639828234031134,0.06510416666666666,0.2510288065843621,2.0,0.0,1.5,3.0,13.1,13.9,0.0673266563728242,0.0662039444132509,0.931237182140647,0.904670558427955
2022-11-21,29,13.7,15.5,18.0,21.4,4.257907542579075,3.84557945041816,3.266460905349794,3.061180339217722,0.007434441741011084,0.007228195937873357,0.0073302469135802465,0.008112668743509865,0.0,0.0,0.0,0.0,13.2,11.1,0.0673266563728242,0.0662039444132509,0.931237182140647,0.904670558427955
2022-12-19,29,9.55,10.2,10.9,11.6,7.162594531704478,6.082062454611474,6.509089364593951,4.20059067688378,0.009550126042272638,0.009758533042846768,0.006986918110771321,0.006964399744572159,0.0,0.0,1.5,0.0,2.7,3.3,0.0926526249298147,0.0903572571588994,1.05268348925267,0.922535499531802
2023-01-04,29,6.84,7.03,7.29,7.55,9.37432315356292,10.701490964648858,8.541634913377026,7.14373313711062,0.010440356291964478,0.01486684052473526,0.04731240156480211,0.2698062300711307,0.0,0.0,0.0,0.0,3.6,5.3,0.0470206064008983,0.0516502667040988,0.793168307311692,0.897342918101048
2023-01-10,29,8.12,7.98,7.6,7.22,8.423987411056377,9.108419196138493,8.49780701754386,8.784754283369242,0.02024037584382412,0.07556507008261393,0.29087475633528265,0.28694726582538216,0.0,0.0,0.0,0.5,4.9,10.4,0.0817851909039865,0.0771524564851207,0.97520312932066,0.994924758723891
2023-01-18,29,25.8,29.7,32.6,32.7,3.1537108814240593,2.9305399675770047,2.4781299704612585,3.9288141352361525,0.004158591731266149,0.0051830028681880535,0.01082850488525335,0.060878921735190834,0.0,0.0,0.0,1.5,5.0,6.2,0.0392360750636132,0.0357804866412213,0.710680028378852,1.09353555605834
2023-01-31,29,6.96,7.11,7.27,7.46,10.95878565346956,9.848544043340103,10.300448316266747,9.215817694369973,0.009911132396764579,0.007309084752825962,0.013755158184319119,0.009557144275642936,0.0,0.0,0.0,0.0,4.3,4.8,0.0649630849872772,0.0674465631043256,0.7761613485381735,1.062180062212005
2023-02-06,29,6.49,6.41,6.49,6.63,11.55624036979969,11.267117351360719,12.180420019403067,12.045416457181163,0.010486218113336755,0.010725429017160686,0.008506676938880327,0.011905759454779063,0.0,0.0,0.0,0.0,5.4,7.0,0.0702443640688226,0.0707056961701144,0.5645870461219145,0.96352027734483
2023-02-15,29,8.28,7.82,7.4,6.87,8.932165861513688,10.138415269489437,10.432307307307305,10.361070677664562,0.01081924315619968,0.012698920147769252,0.014201701701701699,0.014421262601757506,0.0,0.0,0.0,0.0,8.3,14.0,0.0770121882951653,0.0805263104325699,0.612211571863177,0.825782507051052
2023-02-21,29,7.61,8.19,8.64,8.99,9.24709203290018,10.443517387961833,8.680555555555554,8.020743212623078,0.0077718158368618295,0.007306222584000362,0.007327567729766803,0.010157891484365342,0.0,0.0,0.5,0.0,6.2,9.2,0.050986825633383,0.0523626527570789,0.790505087055636,0.914706234560095
2023-02-28,29,6.22,6.27,6.34,6.52,12.3369953554841,12.866235453954753,11.97569809557191,9.301863212906158,0.008150232225794926,0.008103697796680253,0.007776901507185418,0.010029680754374007,0.0,0.0,0.0,0.0,7.7,16.7,0.0741131424936386,0.0751120992366412,0.830146752346969,0.945492397690856
2023-03-08,29,6.15,6.23,6.24,6.09,12.5903342366757,11.834165626300457,12.371646486229817,12.049200267591072,0.009033423667570008,0.007616966886629806,0.010683760683760682,0.009331478440673842,0.0,0.0,0.0,0.0,12.6,22.5,0.0945848632315521,0.0989139090330788,0.628311379288576,0.858341522562516
2023-03-14,29,11.7,11.4,10.2,6.23,7.211538461538462,6.528183885640025,8.521695715323167,13.227513227513226,0.01286008230452675,0.029950454840805715,0.16566811909949167,0.006985315974080018,0.0,0.0,11.0,0.0,10.2,35.1,0.058692875066065,0.0618969316253112,0.7845355995660985,0.9243277005644566
2023-03-20,29,7.05,7.5,8.18,8.97,11.114394536380352,7.515432098765432,8.376347007153852,9.22571121846484,0.007929472025216705,0.005401234567901234,0.004810739835189712,0.009187001940625127,0.0,0.0,0.0,0.0,13.7,35.8,0.0889290847838293,0.0927462661426165,0.860561806745754,0.839678289012417
2023-04-04,29,10.1,6.34,6.41,6.54,6.451686835350202,9.383397593176772,6.247472121107066,6.140984256427681,0.1294921158782545,0.006572029442691902,0.00512798289709366,0.00382262996941896,10.0,0.0,0.0,0.0,18.3,109.0,0.0814296041549691,0.0847488349241998,0.835267556474029,0.859615132737281
2023-04-10,29,14.3,16.3,18.2,19.4,4.492035742035741,3.706543967280163,3.2305657305657305,3.0367029400534555,0.01036001036001036,0.006653317427857304,0.007631257631257631,0.011812714776632302,0.0,0.0,0.0,0.0,14.9,64.0,0.0824514177428411,0.0812167321729365,0.838405614027702,0.848969129270905
2023-04-19,29,10.4,10.8,10.5,10.5,4.562856125356125,4.951131687242798,4.177689594356261,4.111552028218695,0.014467592592592591,0.04501028806584362,0.012676366843033509,0.024029982363315695,0.0,9.5,0.0,0.5,19.4,108.7,0.0914897372632451,0.0967254521111306,0.706332588934456,0.6699310332071415
2023-04-25,29,6.95,7.2,7.66,8.26,5.695443645083933,6.317515432098765,4.9560003868097855,4.806183301946014,0.019317879030109245,0.006446116255144032,0.004487597911227154,0.005170500403551251,0.5,0.0,0.0,0.0,17.4,115.4,0.0914897372632451,0.0967254521111306,0.706332588934456,0.6699310332071415
2023-05-03,29,6.43,6.41,6.52,6.58,7.560048384309659,4.893251285606979,6.5503578732106345,5.5056005853878185,0.005580035712228558,0.006969723233373778,0.009710151102022268,0.0175897782280761,0.0,0.0,0.0,0.0,20.3,141.3,0.0904670006361323,0.0937567143765903,0.613960331435899,0.615884973712626
2023-05-17,29,16.4,18.9,22.5,27.7,3.048780487804878,3.092543601802861,2.8600823045267485,2.565516780318224,0.005660004516711834,0.005242014501273761,0.005555555555555555,0.005222957614654365,0.0,0.0,0.0,0.0,24.2,127.6,0.0830292127862595,0.0839641428117047,0.6511189304465725,0.584600803871762
2023-05-23,29,12.6,12.3,11.8,12.6,3.876396237507348,4.083860283047275,3.7174356559949775,3.5732657260435037,0.01690182245737801,0.033028455284552845,0.007111189579409918,0.008441725455614344,0.0,5.5,0.0,0.0,22.2,38.8,0.0812639472010177,0.0836390060432569,0.615209351018185,0.595992680489573
2023-06-08,29,15.4,17.3,20.0,24.0,3.4947691197691193,3.6796189252836644,3.3796296296296298,3.0430169753086416,0.006959475709475709,0.006268732605437806,0.0052662037037037035,0.003771219135802469,0.0,0.0,0.0,0.0,23.5,95.6,0.0993133773161145,0.0950306288601909,0.854985806390267,0.758111062833448
2023-06-14,29,13.8,14.4,14.5,14.0,4.336084272678475,4.356352880658436,3.9750957854406126,4.042658730158729,0.012915995705850777,0.0205761316872428,0.02011494252873563,0.039351851851851846,0.0,0.0,0.5,2.0,26.2,196.6,0.0835579382342071,0.081704321064778,0.7029003800337726,0.6292896927659674
2023-06-20,29,11.3,9.6,10.1,10.9,4.957391019337921,5.618248456790123,5.110927759442611,4.9694189602446475,0.07272205834152735,0.006920331790123456,0.0070475797579757984,0.006870115528372408,10.0,0.0,0.0,0.0,27.6,175.9,0.0847655438931297,0.0848028753180661,0.589224964922393,0.558120686339712
2023-06-26,29,72.2,18.1,20.1,21.2,1.9717605417051398,3.3187538367096376,2.7006172839506166,2.4076257861635217,0.44084077151944184,0.005819009617352158,0.007485719550396166,0.01097353249475891,64.0,0.0,0.0,0.0,26.3,122.5,0.0764784398854961,0.0734004866412213,0.6563932151147365,0.5330208877903639
2023-07-06,29,125.0,132.0,114.0,94.1,0.7731481481481481,2.612934904601571,2.0914554905782974,1.0897587279096312,0.037037037037037035,0.2113145342312009,0.36042072774528916,0.014021726295902705,0.0,29.0,72.0,0.0,25.0,13.1,0.0848094179389313,0.0828867620865139,0.664570391959853,0.64299040149793
2023-07-26,29,98.6,114.0,141.0,173.0,3.2867553151528806,1.7767218973359324,2.8729971105857626,2.6426354099764504,0.041906130268199226,0.024874106562703054,0.04120698712897294,0.11841682723185613,30.5,5.5,5.5,32.0,26.1,15.1,0.0873490793691867,0.0872369744990008,0.606955087518084,1.0646243327870102
2023-08-01,29,33.4,39.4,47.4,56.6,2.4291694388999776,2.021056589584508,2.141447882481638,1.676809318152074,0.010257263251275227,0.014511656326377137,0.014943741209563995,0.011860358591807353,0.0,0.0,0.0,0.0,28.7,57.0,0.0895767493638676,0.095167348918575,0.6569745383762016,0.7620004814744995
2023-08-16,29,106.0,141.0,185.0,237.0,1.27751572327044,1.0014447071184658,0.8758758758758758,0.7178856071261134,0.01102812718378756,0.012066587864460203,0.015202702702702702,0.020950539146741675,0.0,0.0,0.0,0.0,28.2,37.0,0.100060724312184,0.0965576782706344,0.862009891813855,0.974503897669563
2023-08-22,29,49.1,33.8,42.9,55.1,2.305385833899072,2.092236467236467,1.810303893637227,1.4850944410835516,0.08462510371879006,0.005204909051062897,0.007068548735215402,0.016069267997580156,20.0,0.0,0.0,0.0,29.2,118.6,0.0918492779898218,0.0834030693384223,0.536741081100528,0.486642943629183
2023-09-06,29,28.9,35.3,43.8,54.6,2.815423555042932,2.219730353583045,2.0479240656181297,2.48015873015873,0.004325259515570935,0.0075739691532892665,0.01022640791476408,0.015050535883869216,0.0,0.0,0.0,1.5,28.3,102.1,0.0800072711959573,0.078160822571589,0.762797806461872,0.79002410115176
2023-09-12,29,14.6,15.4,16.6,18.4,4.28874936580416,4.5770202020202015,3.6813922356091027,3.057065217391304,0.005224188229325215,0.0049452861952861945,0.004664491298527443,0.004484953703703704,0.0,0.0,0.0,0.0,26.8,117.5,0.0800072711959573,0.078160822571589,0.762797806461872,0.79002410115176
2023-09-26,29,153.0,113.0,146.0,188.0,2.541757443718228,3.0625204850868566,1.0622780314561135,0.8988376674546887,0.12103606874848705,0.02796214355948869,0.007428018772196854,0.013913514578408195,48.0,5.0,0.0,0.0,21.8,13.1,0.0785611594609769,0.0787597417181358,0.83060182089129,1.00752305509794
2023-10-04,29,31.7,38.6,48.5,61.3,2.99757565136114,2.1469007867971595,1.9353760977472314,1.6332094737478098,0.012486855941114617,0.00428780464402226,0.005202367315769377,0.006211860310555254,0.0,0.0,0.0,0.0,19.4,7.3,0.0845953657760814,0.0843722169211195,0.6342434279142011,0.7312816184458515
2023-10-17,29,15.4,16.1,16.4,16.5,3.998316498316498,3.7741545893719803,3.26050135501355,4.110549943883277,0.00526094276094276,0.00754830917874396,0.016020212285456185,0.07154882154882154,0.0,0.0,0.0,0.0,17.6,14.5,0.0774983365139948,0.0769346389949109,0.6296962450862524,0.704913051607136
2023-10-24,29,13.7,14.6,15.7,16.7,4.604284941876182,4.3204591577879246,4.098844066996933,4.047460634286981,0.004486009732360097,0.004407661085743277,0.006701167728237791,0.008940452428476381,0.0,0.0,0.0,0.0,17.6,7.8,0.0604393622773536,0.0623210830152671,0.695132014388437,0.8419313451033275
2023-10-30,29,10.8,10.8,11.2,11.6,5.165466392318243,4.897548010973936,4.794973544973545,5.128512132822477,0.004200960219478737,0.01071673525377229,0.004329943783068784,0.004170657726692209,0.0,0.0,0.0,0.0,17.3,8.3,0.0637010948905109,0.0645469820325659,0.796387320909396,0.889284649101085
2023-11-08,29,34.3,32.7,26.6,13.2,1.9233884029802397,3.213840752067051,3.1284809245335556,4.506874298540965,0.011236637512147716,0.03964208857175217,0.14141255917571705,0.05611672278338945,0.0,0.0,20.5,6.0,13.8,11.6,0.0575350159033078,0.0531679564249363,0.7312313228950404,1.118407064712275
2023-11-14,29,17.5,20.1,23.4,27.3,4.265873015873016,3.719826791966095,3.2348053181386516,2.71333604666938,0.0033002645502645503,0.004635387875437626,0.004738445710667933,0.004748338081671414,0.0,0.0,0.0,0.0,10.6,6.7,0.0743875199014613,0.0720922683990624,0.754291189948239,0.819528984107291
2023-11-20,29,18.0,19.5,20.4,20.3,3.845164609053498,3.72744539411206,3.3190359477124183,4.777869002006933,0.005478395061728395,0.00567426400759734,0.007659313725490197,0.031529374201787995,0.0,0.0,0.0,2.0,10.5,8.4,0.0771894699421229,0.0769859405132348,0.8007871585273744,0.8433627746229956
2023-11-28,29,12.5,11.9,10.3,11.0,5.175925925925926,5.689775910364145,6.281463502337289,5.787037037037036,0.011851851851851853,0.07489106753812635,0.00638259618842143,0.002556818181818182,0.0,3.5,0.0,0.0,9.4,12.9,0.0437805867490174,0.0430996209994385,0.841601769742739,0.930080091346671
2023-12-06,29,11.0,10.1,10.5,11.0,5.829124579124579,6.348551521818849,6.283068783068782,5.765993265993266,0.05429292929292929,0.005477631096442978,0.005478395061728395,0.005229377104377104,0.5,0.0,0.0,0.0,7.8,8.7,0.0421892399403874,0.0425544262295082,0.944733287029517,0.86626398528658
2023-12-12,29,40.0,36.6,11.1,11.6,1.8460648148148149,2.91249241044323,5.3490990990990985,5.0686462324393355,0.044849537037037035,0.2865057680631451,0.0035660660660660655,0.004859115581098339,0.5,35.0,0.0,0.0,11.4,54.6,0.0783039360687022,0.0795010957379133,0.7132908047693545,0.8610913184547866
2024-01-09,29,15.3,15.9,16.0,16.0,5.242374727668845,5.022711390635918,4.586226851851851,4.383680555555555,0.01013677075768579,0.007934428138830654,0.007740162037037036,0.006235532407407407,1.5,0.0,0.0,1.0,4.8,2.4,0.0569942497904442,0.0545659513830679,0.932031424696146,1.13392195933956
2024-02-15,29,13.2,12.9,13.2,13.4,7.365319865319865,7.285386161355152,6.856762065095398,7.039455500276395,0.03805415263748597,0.007868575940281366,0.017273428731762065,0.07393587617468213,2.0,0.0,0.0,0.0,10.6,24.6,0.0621529866412213,0.0622597328244274,0.842022386650656,1.04410523024166
2024-02-26,29,59.4,71.7,83.9,94.9,2.4356216485846116,3.680458701379203,3.3522050059594752,1.9391757405456034,0.005105062975433346,0.012106772044010537,0.012608705248752924,0.021099207743043358,0.0,1.0,1.5,0.0,7.9,6.2,0.0707474013994911,0.0701241730279898,0.756681977134425,0.997879412304827
2024-03-12,29,14.7,15.0,15.5,16.2,5.763416477702192,5.763888888888889,5.5630227001194745,5.501257430269776,0.007031053162005543,0.007044753086419754,0.007243130227001194,0.008716278006401462,0.5,0.0,0.0,0.0,9.3,7.0,0.0694035925572518,0.0698213756361323,0.7330731854735866,1.017777149116685
2024-03-20,29,12.8,13.6,14.6,14.1,5.425347222222221,5.914692265795207,6.01693302891933,5.565405831363278,0.007631655092592592,0.02042483660130719,0.08244545915778792,0.006066128184922511,0.0,0.0,0.0,0.0,10.9,11.0,0.0791763353325722,0.0844785844228423,0.7561029552542484,0.904827811882966
2024-03-28,29,40.1,32.8,29.8,14.4,3.867645700563406,2.674740289069557,3.254722843649018,5.54591049382716,0.12988362427265168,0.06528060072267389,0.34450347999005715,0.1109182098765432,14.5,0.0,16.5,6.5,12.6,17.8,0.0755925795165393,0.0790711370865139,0.6592671861798235,0.8538800769446915
2024-04-03,29,27.3,23.7,27.6,31.9,3.9300976800976795,4.199874980465697,3.690284487385936,3.0622315105073725,0.15559286392619726,0.0035259415533677135,0.0036315754159957055,0.004390166028097063,15.0,0.0,0.0,0.0,16.1,5.3,0.0864403848600508,0.0900279452926208,0.658777940179418,0.83039150889753
2024-04-09,29,22.2,17.0,18.7,20.9,3.6077744411077743,5.2219498910675375,4.598682907506436,4.313973063973064,0.277882048715382,0.008101851851851851,0.0044315706080411965,0.005443691298954457,0.0,0.0,0.0,0.0,18.4,33.2,0.0764472312340966,0.0786858222010177,0.6945129811938755,0.8400587191894315
2024-04-17,29,29.1,28.2,23.6,14.7,2.811982945144457,3.5296821644339373,3.2809557438794723,4.503653313177123,0.011932035127911415,0.04760966640399265,0.1991133082234777,0.029132023179642228,0.0,3.0,14.5,0.0,18.9,36.2,0.0927283333333333,0.0893318478260869,0.537133876929647,0.68985363092156
2024-04-25,29,28.1,29.6,30.0,33.2,3.253921180967444,4.144769769769769,3.013117283950617,2.6843485051316374,0.027967246606036642,0.07663913913913913,0.021373456790123455,0.1788403614457831,0.0,5.5,0.0,0.0,18.9,4.0,0.0801230120865139,0.0791281138676844,0.597666661916359,0.6056388331846949
2024-05-02,29,16.6,18.3,19.9,22.6,3.9323962516733593,4.1679315927949805,3.3210031639679882,3.441494591937069,0.006212349397590361,0.03155990690143695,0.005740508096035734,0.012547115699770565,0.0,0.0,0.0,0.0,20.3,87.5,0.0863940442111958,0.0848414662849872,0.6504006222127965,0.604429503049821
2024-05-07,29,67.9,59.2,56.4,14.1,3.46029018709431,3.4213901401401396,1.73200682952456,4.522918308379301,0.16091201658211965,0.13118587337337334,0.9460369057000263,0.003940110323089046,16.0,3.0,51.0,0.0,17.3,27.0,0.0725129468829516,0.0704245388040712,0.6053869343209265,0.6073528665380146
2024-05-13,29,42.6,48.1,52.6,51.1,2.3311163275952005,2.3196273196273194,3.1905717504576816,2.3555845473653694,0.00882998608937576,0.025025025025025023,0.1474264188142515,0.014382655649778938,0.0,1.5,13.0,0.0,20.0,36.5,0.072442010178117,0.0683370578880406,0.56524088738666,0.615211934712609
2024-05-29,29,49.8,51.3,52.7,47.1,2.440316822846943,1.78461843910187,1.5944549862955932,2.275497365730911,0.09273203926818384,0.01935780810049816,0.0841151872935554,0.4202052370842179,0.0,0.0,0.0,35.5,23.4,19.2,0.100646863867684,0.0944820006361323,0.623663774410387,0.541620455512123
2024-06-05,29,17.5,19.6,22.3,25.8,3.9748677248677247,4.293036659108087,3.8407241322039525,3.001184323858742,0.004232804232804233,0.004812688964474678,0.011418369041687425,0.006504809072638529,0.0,0.0,0.0,0.0,25.8,139.1,0.0706212897582697,0.0690220912849872,0.642213684720224,0.5953643215368455
2024-06-12,29,16.9,18.3,15.0,14.2,4.040653079114617,3.7252074478850434,5.277777777777778,5.681077203964527,0.013354700854700854,0.10056162720097146,0.04506172839506173,0.011655581637976004,0.0,0.0,0.0,0.0,29.0,227.3,0.0758820676836211,0.074375275827591,0.6677140949872397,0.6356302370321539
2024-06-18,29,13.3,13.4,14.0,14.8,4.934210526315789,5.078772802653399,4.74537037037037,4.723473473473472,0.021581732108047896,0.00419776119402985,0.0076058201058201045,0.007460585585585583,0.0,0.0,0.0,0.0,28.1,250.2,0.0675016491730279,0.0666232410941475,0.6593233207150835,0.5681669706389656
2024-06-26,29,48.9,54.7,57.0,52.5,2.101795046580323,1.7265894779605928,2.0711500974658867,3.306878306878307,0.02863932439597061,0.010283363802559413,0.021523716699155294,0.06613756613756613,0.0,0.0,0.0,1.0,27.2,81.9,0.0743491841603053,0.0738001638040712,0.602701288584949,0.5621882578312575
2024-07-15,29,135.0,178.0,234.0,310.0,1.328875171467764,1.0273616312942155,0.9941832858499524,0.679510155316607,0.0032150205761316874,0.005474927174365376,0.010386989553656219,0.022401433691756272,0.5,0.0,0.0,0.0,25.9,16.3,0.0969328594147582,0.0870023854961832,0.601565010502326,0.725897800583278
2024-08-06,29,56.3,50.8,25.0,27.2,2.0208374449049407,2.5061971420239137,3.462962962962963,3.5488153594771243,0.0374153016248931,0.12394284047827356,0.009259259259259259,0.006765727124183007,0.0,28.0,0.0,0.0,29.8,40.0,0.0905296181920269,0.0816311903425042,0.848241195575791,0.945638678863066
2024-08-12,29,29.6,30.1,35.6,42.1,3.702921671671671,3.441460563553586,3.1796192259675404,2.7766781032814283,0.04809496996996996,0.004614248800295311,0.004876716604244694,0.006680522565320664,2.5,0.0,0.0,0.0,30.5,115.6,0.0928695816956765,0.082790510948905,0.877940137510559,0.799551036857975
2024-08-21,29,34.4,21.1,19.2,20.0,3.1828703703703707,3.9549324205722307,3.7796585648148144,3.443287037037037,0.05585163652024117,0.03005968053361418,0.0036048418209876543,0.002494212962962963,18.0,11.5,0.0,0.0,29.2,45.7,0.0624262773722627,0.0572152582818641,0.815122293154821,0.81765152429525
2024-08-27,29,31.4,35.4,38.8,40.3,3.0925631045057798,2.7758160703075956,2.207426498663612,3.1591765462733203,0.004570653456003775,0.005427390667503662,0.014437762504772814,0.022401433691756272,0.0,0.0,0.0,0.0,28.9,80.6,0.0584404111726883,0.0557075159759338,0.7037379042407513,0.609309063113224
2024-09-03,29,19.4,20.5,22.0,20.2,3.9793337151584574,4.031165311653116,3.3880471380471375,3.798817381738174,0.011096792668957618,0.01501806684733514,0.051031144781144774,0.0032659515951595163,0.0,0.5,0.0,0.0,27.9,77.5,0.0586941886580572,0.053973231330713,0.759220984603893,0.709682307510478
2024-09-10,29,17.8,19.0,16.0,16.8,3.9013732833957553,3.6671539961013644,4.333043981481481,4.484953703703703,0.009493341656263005,0.0531798245614035,0.005208333333333333,0.0081983024691358,0.0,0.0,0.0,0.0,30.7,147.0,0.0787976137001684,0.072259811903425,0.858817755769,0.672380094634792
2024-09-26,29,145.0,193.0,260.0,352.0,1.8598339719029373,1.193388984839762,1.0105056980056981,0.9732744107744107,0.015565134099616858,0.007736039147956246,0.015491452991452992,0.038470643939393936,0.0,0.0,0.0,0.0,24.8,5.1,0.0823622262773722,0.0814592644581695,0.859325685415535,1.41565799189578
2024-09-30,29,49.5,63.1,82.4,109.0,2.688926300037411,2.1827493103245876,1.9243302768788204,1.5927624872579,0.0032734754956977178,0.003136555731642895,0.004017215030564545,0.006190536867142371,0.0,0.0,0.0,0.0,23.7,18.0,0.0823622262773722,0.0814592644581695,0.859325685415535,1.41565799189578
2024-10-10,29,21.4,20.1,20.9,22.1,4.159094842506057,4.065321540445918,4.435805422647528,3.885956091838444,0.027853496019383868,0.007485719550396166,0.007199184830763778,0.004509175465057817,0.0,0.0,0.0,1.5,21.3,9.5,0.0736591475826971,0.0750506265903307,0.750493523092208,0.792154735625019
2024-10-23,29,95.3,111.0,122.0,138.0,3.2062492713069837,3.294961628294961,1.2522768670309652,1.1154723564143854,0.01384516730791652,0.05046713380046713,0.01736111111111111,0.054767176596886735,1.0,15.5,0.0,0.0,17.9,6.8,0.0634018400127225,0.0628249522900763,0.7057251244273259,0.9293276635252294
2024-10-28,29,40.9,49.2,59.9,67.1,2.81569772706692,2.634748569707919,2.4732578989674145,2.052630126400618,0.021931313954541336,0.01108005871725384,0.06376368020775365,0.007641303747861125,0.0,0.5,0.0,0.0,18.2,3.7,0.0701912436386768,0.0699534351145038,0.698922979655949,0.920731501262551
2024-11-06,29,22.5,23.1,23.4,23.2,4.254115226337448,3.8379830046496712,3.704692940804052,3.9810823754789273,0.008539094650205761,0.01092271925605259,0.020872902817347265,0.053380427841634735,0.0,0.0,0.5,0.0,15.2,3.4,0.0639062070599384,0.0631612414119877,0.802045558257307,1.23610035732238
2024-11-12,29,18.4,18.6,18.9,19.5,4.799466586151369,4.766527279968139,4.739858906525573,4.404083570750237,0.007799919484702093,0.008213859020310632,0.010777973740936704,0.007478632478632477,0.0,0.0,0.0,0.0,16.9,6.2,0.0691475336895673,0.0675878631424936,0.725301013678447,0.8552797608068294
2024-11-18,29,23.1,18.7,19.1,18.6,3.827962161295494,4.685333729451377,5.102288152026371,5.040322580645161,0.09870530703864036,0.008850762527233116,0.020966647275547798,0.04343389088012743,0.0,0.0,0.0,6.5,11.3,7.3,0.0591175954198473,0.0585925763358778,0.824624237980832,0.799504258392776
2024-11-27,29,43.9,33.9,16.7,17.1,3.691048679659158,3.1205615645143667,4.996950543357729,4.501028806584361,0.07962119294693326,0.19119414399650386,0.0052880350410290525,0.00994964262508122,0.5,9.5,0.0,0.0,9.4,17.3,0.0572240839694656,0.056910895356234,0.7499506950073129,0.8658345718568345
2024-12-03,29,31.7,36.3,41.7,47.2,3.362688398177357,2.9397510458116516,2.6284527933208985,2.5256983678593845,0.0060608715971492,0.004718906234057749,0.007521760369482191,0.010029229441305711,0.0,0.0,0.0,0.0,9.6,8.7,0.0683094329028635,0.0690267686692869,0.871816629710841,0.921661914049321
2024-12-09,29,19.3,20.2,21.6,23.3,4.647620418345807,4.469196919691969,4.184885116598079,4.1775949769512,0.0068364997121473795,0.010771910524385772,0.006483624828532235,0.008047210300429184,0.0,0.0,0.0,0.0,5.9,6.0,0.0776301516002245,0.0736900336889388,0.980203149899128,0.877392156355535
2024-12-17,29,16.3,16.6,16.5,16.5,4.906555328334469,4.538989290495314,4.966329966329966,4.924242424242424,0.011290047716428083,0.010109883980365907,0.013327721661054993,0.0114337822671156,0.0,0.0,0.0,0.0,6.5,8.0,0.0474706625491297,0.0484711538461538,1.0277838092801,0.833803447349305
